event,stage,series_date,team_a,team_b,inferno_score_a,inferno_score_b,hltv_match_url
BLAST Premier Spring Final 2024,Groups,2024/1/22,Vitality,og,13,7,https://www.hltv.org/matches/2368862/-
BLAST Premier Spring Final 2024,Groups,2024/1/25,Virtus.pro,Cloud9,13,9,https://www.hltv.org/matches/2368882/-
BLAST Premier Spring Final 2024,Groups,2024/1/26,GamerLegion,FaZe,5,13,https://www.hltv.org/matches/2368872/-
BLAST Premier Spring Final 2024,Groups,2024/1/27,Astralis,Vitality,13,10,https://www.hltv.org/matches/2368867/-
IEM Katowice 2024,Main/Playoffs,2024/1/31,rebels gaming,Eternal Fire,4,13,https://www.hltv.org/matches/2369473/-
IEM Katowice 2024,Main/Playoffs,2024/1/31,rooster,Virtus.pro,4,13,https://www.hltv.org/matches/2369407/-
BLAST Premier World Final 2024,Main/Playoffs,2024/10/30,FaZe,MOUZ,12,12,https://www.hltv.org/matches/2376873/-
BLAST Premier World Final 2024,Main/Playoffs,2024/10/30,G2,tl,13,6,https://www.hltv.org/matches/2376876/-
BLAST Premier World Final 2024,Main/Playoffs,2024/10/31,Natus Vincere,FaZe,13,6,https://www.hltv.org/matches/2376874/-
BLAST Premier World Final 2024,Main/Playoffs,2024/11/2,G2,Vitality,7,13,https://www.hltv.org/matches/2376883/-
Perfect World Shanghai Major 2024,Opening Stage,2024/11/30,tl,wildcard,13,10,https://www.hltv.org/matches/2377675/-
Perfect World Shanghai Major 2024,Opening Stage,2024/12/1,Complexity,Imperial,13,4,https://www.hltv.org/matches/2377686/-
Perfect World Shanghai Major 2024,Opening Stage,2024/12/1,tl,flyquest,5,13,https://www.hltv.org/matches/2377684/-
Perfect World Shanghai Major 2024,Opening Stage,2024/12/2,wildcard,Virtus.pro,13,7,https://www.hltv.org/matches/2377692/-
Perfect World Shanghai Major 2024,Opening Stage,2024/12/2,gl,passion ua,13,6,https://www.hltv.org/matches/2377691/-
Perfect World Shanghai Major 2024,Opening Stage,2024/12/2,mibr,rare atom,13,9,https://www.hltv.org/matches/2377687/-
Perfect World Shanghai Major 2024,Opening Stage,2024/12/2,flyquest,paiN,6,13,https://www.hltv.org/matches/2377689/-
Perfect World Shanghai Major 2024,Opening Stage,2024/12/3,flyquest,mibr,5,13,https://www.hltv.org/matches/2377694/-
Perfect World Shanghai Major 2024,Opening Stage,2024/12/3,passion ua,wildcard,6,13,https://www.hltv.org/matches/2377695/-
Perfect World Shanghai Major 2024,Elimination Stage,2024/12/5,G2,The MongolZ,10,13,https://www.hltv.org/matches/2377696/-
Perfect World Shanghai Major 2024,Elimination Stage,2024/12/5,Natus Vincere,mibr,11,13,https://www.hltv.org/matches/2377708/-
Perfect World Shanghai Major 2024,Elimination Stage,2024/12/5,tl,gl,13,10,https://www.hltv.org/matches/2377704/-
Perfect World Shanghai Major 2024,Elimination Stage,2024/12/6,FURIA,tl,9,13,https://www.hltv.org/matches/2377713/-
Perfect World Shanghai Major 2024,Elimination Stage,2024/12/6,MOUZ,FaZe,10,13,https://www.hltv.org/matches/2377715/-
Perfect World Shanghai Major 2024,Elimination Stage,2024/12/7,G2,FaZe,13,4,https://www.hltv.org/matches/2377721/-
Perfect World Shanghai Major 2024,Elimination Stage,2024/12/7,FURIA,paiN,13,11,https://www.hltv.org/matches/2377725/-
Perfect World Shanghai Major 2024,Elimination Stage,2024/12/8,FURIA,FaZe,13,6,https://www.hltv.org/matches/2377728/-
IEM Katowice 2024,Main/Playoffs,2024/2/1,GamerLegion,Virtus.pro,5,13,https://www.hltv.org/matches/2369476/-
IEM Katowice 2024,Main/Playoffs,2024/2/1,m80,rooster,13,3,https://www.hltv.org/matches/2369480/-
IEM Katowice 2024,Main/Playoffs,2024/2/1,FURIA,apeks,9,13,https://www.hltv.org/matches/2369479/-
IEM Katowice 2024,Main/Playoffs,2024/2/2,BIG,apeks,13,7,https://www.hltv.org/matches/2369484/-
IEM Katowice 2024,Main/Playoffs,2024/2/4,FaZe,Eternal Fire,12,12,https://www.hltv.org/matches/2369487/-
IEM Katowice 2024,Main/Playoffs,2024/2/9,FaZe,G2,13,9,https://www.hltv.org/matches/2369503/-
PGL Major Copenhagen 2024,Opening Stage,2024/3/18,The MongolZ,amkal esports,13,10,https://www.hltv.org/matches/2370616/-
PGL Major Copenhagen 2024,Opening Stage,2024/3/19,legacy,apeks,13,7,https://www.hltv.org/matches/2370622/-
PGL Major Copenhagen 2024,Opening Stage,2024/3/19,ECSTATIC,Imperial,10,13,https://www.hltv.org/matches/2370623/-
PGL Major Copenhagen 2024,Opening Stage,2024/3/19,Eternal Fire,GamerLegion,13,2,https://www.hltv.org/matches/2370619/-
PGL Major Copenhagen 2024,Elimination Stage,2024/3/21,Vitality,Eternal Fire,10,13,https://www.hltv.org/matches/2370630/-
PGL Major Copenhagen 2024,Elimination Stage,2024/3/21,G2,FURIA,13,3,https://www.hltv.org/matches/2370635/-
PGL Major Copenhagen 2024,Elimination Stage,2024/3/21,Virtus.pro,Imperial,6,13,https://www.hltv.org/matches/2370631/-
PGL Major Copenhagen 2024,Elimination Stage,2024/3/21,Virtus.pro,paiN,13,9,https://www.hltv.org/matches/2370639/-
PGL Major Copenhagen 2024,Elimination Stage,2024/3/22,paiN,The MongolZ,12,12,https://www.hltv.org/matches/2370649/-
PGL Major Copenhagen 2024,Elimination Stage,2024/3/22,ECSTATIC,FURIA,12,12,https://www.hltv.org/matches/2370651/-
PGL Major Copenhagen 2024,Elimination Stage,2024/3/23,Complexity,Vitality,12,12,https://www.hltv.org/matches/2370654/-
PGL Major Copenhagen 2024,Elimination Stage,2024/3/23,ECSTATIC,G2,7,13,https://www.hltv.org/matches/2370655/-
PGL Major Copenhagen 2024,Elimination Stage,2024/3/24,Virtus.pro,G2,11,13,https://www.hltv.org/matches/2370659/-
PGL Major Copenhagen 2024,Main/Playoffs,2024/3/28,Vitality,Cloud9,13,8,https://www.hltv.org/matches/2370721/-
PGL Major Copenhagen 2024,Main/Playoffs,2024/3/29,G2,MOUZ,13,9,https://www.hltv.org/matches/2370724/-
PGL Major Copenhagen 2024,Main/Playoffs,2024/3/30,FaZe,Vitality,13,8,https://www.hltv.org/matches/2370725/-
PGL Major Copenhagen 2024,Main/Playoffs,2024/3/31,FaZe,Natus Vincere,3,13,https://www.hltv.org/matches/2370727/-
IEM Chengdu 2024,Main/Playoffs,2024/4/10,tl,MOUZ,11,13,https://www.hltv.org/matches/2370918/-
IEM Chengdu 2024,Main/Playoffs,2024/4/10,flyquest,nemiga,12,12,https://www.hltv.org/matches/2370923/-
IEM Chengdu 2024,Main/Playoffs,2024/4/13,Astralis,FaZe,7,13,https://www.hltv.org/matches/2370930/-
IEM Chengdu 2024,Main/Playoffs,2024/4/8,FaZe,nemiga,13,8,https://www.hltv.org/matches/2370909/-
IEM Chengdu 2024,Main/Playoffs,2024/4/8,G2,tl,9,13,https://www.hltv.org/matches/2370911/-
IEM Chengdu 2024,Main/Playoffs,2024/4/8,Virtus.pro,wildcard,13,1,https://www.hltv.org/matches/2370908/-
IEM Chengdu 2024,Main/Playoffs,2024/4/9,G2,lvg,13,11,https://www.hltv.org/matches/2370916/-
IEM Chengdu 2024,Main/Playoffs,2024/4/9,flyquest,Virtus.pro,12,12,https://www.hltv.org/matches/2370921/-
IEM Dallas 2024,Main/Playoffs,2024/5/28,G2,MOUZ,13,8,https://www.hltv.org/matches/2372338/-
IEM Dallas 2024,Main/Playoffs,2024/5/28,FaZe,Virtus.pro,12,12,https://www.hltv.org/matches/2372334/-
IEM Dallas 2024,Main/Playoffs,2024/5/29,Virtus.pro,BIG,5,13,https://www.hltv.org/matches/2372341/-
IEM Dallas 2024,Main/Playoffs,2024/5/29,G2,tl,13,8,https://www.hltv.org/matches/2372342/-
IEM Dallas 2024,Main/Playoffs,2024/6/1,9z,G2,11,13,https://www.hltv.org/matches/2372348/-
ESL Pro League Season 20,Main/Playoffs,2024/6/11,ex-guild eagles,sinners,12,12,https://www.hltv.org/matches/2373118/-
BLAST Premier Spring Final 2024,Main/Playoffs,2024/6/12,FaZe,saw,13,5,https://www.hltv.org/matches/2372734/-
BLAST Premier Spring Final 2024,Main/Playoffs,2024/6/12,Vitality,Virtus.pro,13,5,https://www.hltv.org/matches/2372738/-
BLAST Premier Spring Final 2024,Main/Playoffs,2024/6/13,saw,Astralis,3,13,https://www.hltv.org/matches/2372737/-
BLAST Premier Spring Final 2024,Main/Playoffs,2024/6/13,Vitality,G2,13,4,https://www.hltv.org/matches/2372740/-
BLAST Premier Spring Final 2024,Main/Playoffs,2024/6/14,Virtus.pro,Astralis,13,8,https://www.hltv.org/matches/2372743/-
BLAST Premier Spring Final 2024,Main/Playoffs,2024/6/14,FaZe,Vitality,13,4,https://www.hltv.org/matches/2372742/-
IEM Dallas 2024,Main/Playoffs,2024/6/2,G2,Vitality,12,12,https://www.hltv.org/matches/2372350/-
ESL Pro League Season 20,Main/Playoffs,2024/6/9,Aurora,sinners,12,12,https://www.hltv.org/matches/2373093/-
BLAST Premier Fall Final 2024,Groups,2024/7/31,FaZe,Cloud9,7,13,https://www.hltv.org/matches/2373775/-
IEM Cologne 2024,Main/Playoffs,2024/8/10,9z,Astralis,5,13,https://www.hltv.org/matches/2374301/-
IEM Cologne 2024,Main/Playoffs,2024/8/10,G2,saw,10,13,https://www.hltv.org/matches/2374299/-
IEM Cologne 2024,Main/Playoffs,2024/8/11,FURIA,Vitality,3,13,https://www.hltv.org/matches/2374305/-
IEM Cologne 2024,Main/Playoffs,2024/8/12,FaZe,Vitality,13,8,https://www.hltv.org/matches/2374315/-
IEM Cologne 2024,Main/Playoffs,2024/8/13,FaZe,tl,13,9,https://www.hltv.org/matches/2374321/-
IEM Cologne 2024,Main/Playoffs,2024/8/13,Natus Vincere,saw,13,6,https://www.hltv.org/matches/2374312/-
IEM Cologne 2024,Main/Playoffs,2024/8/16,saw,FaZe,13,6,https://www.hltv.org/matches/2374323/-
IEM Cologne 2024,Main/Playoffs,2024/8/17,Natus Vincere,MOUZ,12,12,https://www.hltv.org/matches/2374324/-
IEM Cologne 2024,Main/Playoffs,2024/8/18,Natus Vincere,Vitality,9,13,https://www.hltv.org/matches/2374326/-
BLAST Premier Fall Final 2024,Groups,2024/8/2,FaZe,Ninjas in Pyjamas,11,13,https://www.hltv.org/matches/2373789/-
BLAST Premier Fall Final 2024,Groups,2024/8/4,Ninjas in Pyjamas,Astralis,5,13,https://www.hltv.org/matches/2373795/-
IEM Cologne 2024,Main/Playoffs,2024/8/7,paiN,tl,11,13,https://www.hltv.org/matches/2373999/-
IEM Cologne 2024,Main/Playoffs,2024/8/7,flyquest,BIG,10,13,https://www.hltv.org/matches/2374000/-
IEM Cologne 2024,Main/Playoffs,2024/8/7,FURIA,Imperial,13,0,https://www.hltv.org/matches/2373998/-
IEM Cologne 2024,Main/Playoffs,2024/8/7,Complexity,attax,13,7,https://www.hltv.org/matches/2373994/-
IEM Cologne 2024,Main/Playoffs,2024/8/8,BIG,saw,11,13,https://www.hltv.org/matches/2374266/-
IEM Cologne 2024,Main/Playoffs,2024/8/9,Imperial,paiN,7,13,https://www.hltv.org/matches/2374269/-
BLAST Premier Fall Final 2024,Main/Playoffs,2024/9/25,Vitality,Astralis,13,0,https://www.hltv.org/matches/2375767/-
BLAST Premier Fall Final 2024,Main/Playoffs,2024/9/25,G2,FaZe,6,13,https://www.hltv.org/matches/2375766/-
BLAST Premier Fall Final 2024,Main/Playoffs,2024/9/27,tl,FaZe,6,13,https://www.hltv.org/matches/2375774/-
BLAST Premier Fall Final 2024,Main/Playoffs,2024/9/28,Natus Vincere,FaZe,10,13,https://www.hltv.org/matches/2375776/-
BLAST Premier Fall Final 2024,Main/Playoffs,2024/9/29,Natus Vincere,G2,7,13,https://www.hltv.org/matches/2375777/-
IEM Katowice 2025,Main/Playoffs,2025/1/29,3DMAX,flyquest,13,7,https://www.hltv.org/matches/2378417/-
IEM Katowice 2025,Main/Playoffs,2025/1/29,saw,gl,9,13,https://www.hltv.org/matches/2378420/-
IEM Katowice 2025,Main/Playoffs,2025/1/29,wildcard,BIG,12,12,https://www.hltv.org/matches/2378421/-
IEM Katowice 2025,Main/Playoffs,2025/1/30,paiN,gl,3,13,https://www.hltv.org/matches/2378692/-
IEM Katowice 2025,Main/Playoffs,2025/1/30,3DMAX,mibr,12,12,https://www.hltv.org/matches/2378691/-
IEM Katowice 2025,Main/Playoffs,2025/1/30,flyquest,Astralis,11,13,https://www.hltv.org/matches/2378687/-
IEM Katowice 2025,Main/Playoffs,2025/1/30,Virtus.pro,saw,13,3,https://www.hltv.org/matches/2378688/-
IEM Katowice 2025,Main/Playoffs,2025/1/31,wildcard,FURIA,13,4,https://www.hltv.org/matches/2378693/-
IEM Katowice 2025,Main/Playoffs,2025/1/31,tl,complexity,13,8,https://www.hltv.org/matches/2378686/-
IEM Katowice 2025,Main/Playoffs,2025/1/31,wildcard,tl,12,12,https://www.hltv.org/matches/2378694/-
IEM Katowice 2025,Main/Playoffs,2025/1/31,paiN,Astralis,7,13,https://www.hltv.org/matches/2378695/-
StarLadder Budapest Major 2025,Stage 2,2025/11/30,tl,mibr,13,5,https://www.hltv.org/matches/2388079/-
StarLadder Budapest Major 2025,Stage 2,2025/11/30,FaZe,Ninjas in Pyjamas,12,12,https://www.hltv.org/matches/2388078/-
StarLadder Budapest Major 2025,Stage 2,2025/12/1,tyloo,tl,12,12,https://www.hltv.org/matches/2388087/-
StarLadder Budapest Major 2025,Playoffs,2025/12/12,MOUZ,FaZe,2,13,https://www.hltv.org/matches/2388126/-
StarLadder Budapest Major 2025,Playoffs,2025/12/12,Natus Vincere,FURIA,12,12,https://www.hltv.org/matches/2388127/-
StarLadder Budapest Major 2025,Playoffs,2025/12/13,FaZe,Natus Vincere,13,8,https://www.hltv.org/matches/2388129/-
StarLadder Budapest Major 2025,Playoffs,2025/12/14,Vitality,FaZe,13,9,https://www.hltv.org/matches/2388130/-
StarLadder Budapest Major 2025,Stage 2,2025/12/2,passion ua,m80,13,5,https://www.hltv.org/matches/2388088/-
StarLadder Budapest Major 2025,Stage 3,2025/12/4,The MongolZ,tl,13,9,https://www.hltv.org/matches/2388104/-
StarLadder Budapest Major 2025,Stage 3,2025/12/5,parivision,3DMAX,8,13,https://www.hltv.org/matches/2388114/-
StarLadder Budapest Major 2025,Stage 3,2025/12/5,b8,Vitality,2,13,https://www.hltv.org/matches/2388108/-
StarLadder Budapest Major 2025,Stage 3,2025/12/5,FURIA,G2,13,6,https://www.hltv.org/matches/2388113/-
StarLadder Budapest Major 2025,Stage 3,2025/12/6,Natus Vincere,Vitality,11,13,https://www.hltv.org/matches/2388115/-
StarLadder Budapest Major 2025,Stage 3,2025/12/6,MOUZ,Falcons,13,6,https://www.hltv.org/matches/2388117/-
StarLadder Budapest Major 2025,Stage 3,2025/12/6,Imperial,passion ua,8,13,https://www.hltv.org/matches/2388118/-
StarLadder Budapest Major 2025,Stage 3,2025/12/6,FaZe,3DMAX,13,5,https://www.hltv.org/matches/2388120/-
StarLadder Budapest Major 2025,Stage 3,2025/12/7,G2,Falcons,4,13,https://www.hltv.org/matches/2388123/-
IEM Katowice 2025,Main/Playoffs,2025/2/1,Vitality,3DMAX,12,12,https://www.hltv.org/matches/2378782/-
IEM Katowice 2025,Main/Playoffs,2025/2/1,G2,Virtus.pro,9,13,https://www.hltv.org/matches/2378780/-
IEM Katowice 2025,Main/Playoffs,2025/2/1,MOUZ,gl,9,13,https://www.hltv.org/matches/2378786/-
IEM Katowice 2025,Main/Playoffs,2025/2/1,Falcons,ef,7,13,https://www.hltv.org/matches/2378781/-
PGL Cluj-Napoca 2025,Main/Playoffs,2025/2/14,Falcons,flyquest,13,9,https://www.hltv.org/matches/2379329/-
PGL Cluj-Napoca 2025,Main/Playoffs,2025/2/14,paiN,Astralis,7,13,https://www.hltv.org/matches/2379332/-
PGL Cluj-Napoca 2025,Main/Playoffs,2025/2/14,3DMAX,Virtus.pro,13,6,https://www.hltv.org/matches/2379327/-
PGL Cluj-Napoca 2025,Main/Playoffs,2025/2/15,saw,Astralis,6,13,https://www.hltv.org/matches/2379341/-
PGL Cluj-Napoca 2025,Main/Playoffs,2025/2/15,Complexity,Virtus.pro,12,12,https://www.hltv.org/matches/2379337/-
PGL Cluj-Napoca 2025,Main/Playoffs,2025/2/15,BIG,flyquest,1,13,https://www.hltv.org/matches/2379335/-
PGL Cluj-Napoca 2025,Main/Playoffs,2025/2/15,FaZe,ef,13,10,https://www.hltv.org/matches/2379338/-
PGL Cluj-Napoca 2025,Main/Playoffs,2025/2/15,The MongolZ,wildcard,12,12,https://www.hltv.org/matches/2379336/-
PGL Cluj-Napoca 2025,Main/Playoffs,2025/2/15,MOUZ,3DMAX,13,9,https://www.hltv.org/matches/2379334/-
PGL Cluj-Napoca 2025,Main/Playoffs,2025/2/16,ef,BIG,13,9,https://www.hltv.org/matches/2379342/-
PGL Cluj-Napoca 2025,Main/Playoffs,2025/2/16,paiN,The MongolZ,12,12,https://www.hltv.org/matches/2379348/-
PGL Cluj-Napoca 2025,Main/Playoffs,2025/2/16,3DMAX,mibr,13,11,https://www.hltv.org/matches/2379343/-
PGL Cluj-Napoca 2025,Main/Playoffs,2025/2/16,wildcard,Virtus.pro,10,13,https://www.hltv.org/matches/2379345/-
PGL Cluj-Napoca 2025,Main/Playoffs,2025/2/16,saw,flyquest,12,12,https://www.hltv.org/matches/2379349/-
PGL Cluj-Napoca 2025,Main/Playoffs,2025/2/17,Complexity,saw,4,13,https://www.hltv.org/matches/2379355/-
PGL Cluj-Napoca 2025,Main/Playoffs,2025/2/17,3DMAX,ef,13,5,https://www.hltv.org/matches/2379352/-
PGL Cluj-Napoca 2025,Main/Playoffs,2025/2/17,paiN,Virtus.pro,13,9,https://www.hltv.org/matches/2379354/-
PGL Cluj-Napoca 2025,Main/Playoffs,2025/2/17,wildcard,BIG,13,11,https://www.hltv.org/matches/2379351/-
PGL Cluj-Napoca 2025,Main/Playoffs,2025/2/17,Astralis,mibr,12,12,https://www.hltv.org/matches/2379353/-
PGL Cluj-Napoca 2025,Main/Playoffs,2025/2/18,MOUZ,Virtus.pro,12,12,https://www.hltv.org/matches/2379357/-
PGL Cluj-Napoca 2025,Main/Playoffs,2025/2/18,Astralis,BIG,13,8,https://www.hltv.org/matches/2379356/-
IEM Katowice 2025,Main/Playoffs,2025/2/2,3DMAX,BIG,13,6,https://www.hltv.org/matches/2378900/-
PGL Cluj-Napoca 2025,Main/Playoffs,2025/2/21,Astralis,The MongolZ,12,12,https://www.hltv.org/matches/2379360/-
PGL Cluj-Napoca 2025,Main/Playoffs,2025/2/21,paiN,MOUZ,11,13,https://www.hltv.org/matches/2379359/-
PGL Cluj-Napoca 2025,Main/Playoffs,2025/2/22,MOUZ,Astralis,12,12,https://www.hltv.org/matches/2379363/-
PGL Cluj-Napoca 2025,Main/Playoffs,2025/2/23,FaZe,Astralis,8,13,https://www.hltv.org/matches/2379365/-
IEM Katowice 2025,Main/Playoffs,2025/2/3,Astralis,FURIA,13,10,https://www.hltv.org/matches/2378901/-
IEM Katowice 2025,Main/Playoffs,2025/2/3,FaZe,G2,10,13,https://www.hltv.org/matches/2378905/-
IEM Katowice 2025,Main/Playoffs,2025/2/3,ef,3DMAX,4,13,https://www.hltv.org/matches/2378906/-
IEM Katowice 2025,Main/Playoffs,2025/2/4,Virtus.pro,Vitality,5,13,https://www.hltv.org/matches/2378910/-
ESL Pro League Season 21,Main/Playoffs,2025/3/10,ef,paiN,13,7,https://www.hltv.org/matches/2380066/-
ESL Pro League Season 21,Main/Playoffs,2025/3/10,saw,gl,9,13,https://www.hltv.org/matches/2380064/-
ESL Pro League Season 21,Main/Playoffs,2025/3/11,Team Liquid,3DMAX,13,11,https://www.hltv.org/matches/2380069/-
ESL Pro League Season 21,Main/Playoffs,2025/3/11,Falcons,ef,8,13,https://www.hltv.org/matches/2380070/-
ESL Pro League Season 21,Main/Playoffs,2025/3/11,G2,GamerLegion,13,11,https://www.hltv.org/matches/2380071/-
ESL Pro League Season 21,Main/Playoffs,2025/3/7,The MongolZ,gl,13,9,https://www.hltv.org/matches/2380044/-
ESL Pro League Season 21,Main/Playoffs,2025/3/7,Falcons,Team Liquid,12,12,https://www.hltv.org/matches/2380046/-
ESL Pro League Season 21,Main/Playoffs,2025/3/7,Vitality,mibr,13,3,https://www.hltv.org/matches/2380040/-
ESL Pro League Season 21,Main/Playoffs,2025/3/7,G2,paiN,13,8,https://www.hltv.org/matches/2380043/-
ESL Pro League Season 21,Main/Playoffs,2025/3/7,MOUZ,FURIA,12,12,https://www.hltv.org/matches/2380042/-
ESL Pro League Season 21,Main/Playoffs,2025/3/7,Natus Vincere,saw,13,3,https://www.hltv.org/matches/2380041/-
ESL Pro League Season 21,Main/Playoffs,2025/3/7,ef,3DMAX,10,13,https://www.hltv.org/matches/2380045/-
ESL Pro League Season 21,Main/Playoffs,2025/3/8,Natus Vincere,tyloo,10,13,https://www.hltv.org/matches/2380047/-
ESL Pro League Season 21,Main/Playoffs,2025/3/8,gl,paiN,12,12,https://www.hltv.org/matches/2380050/-
ESL Pro League Season 21,Main/Playoffs,2025/3/8,ef,mibr,13,8,https://www.hltv.org/matches/2380048/-
ESL Pro League Season 21,Main/Playoffs,2025/3/9,FURIA,mibr,13,1,https://www.hltv.org/matches/2380061/-
ESL Pro League Season 21,Main/Playoffs,2025/3/9,Vitality,MOUZ,13,6,https://www.hltv.org/matches/2380059/-
ESL Pro League Season 21,Main/Playoffs,2025/3/9,Falcons,3DMAX,11,13,https://www.hltv.org/matches/2380056/-
ESL Pro League Season 21,Main/Playoffs,2025/3/9,gl,tyloo,12,12,https://www.hltv.org/matches/2380055/-
ESL Pro League Season 21,Main/Playoffs,2025/3/9,tl,ef,13,11,https://www.hltv.org/matches/2380062/-
IEM Dallas 2025,Main/Playoffs,2025/5/19,lvg,G2,9,13,https://www.hltv.org/matches/2382378/-
IEM Dallas 2025,Main/Playoffs,2025/5/19,Vitality,legacy,13,5,https://www.hltv.org/matches/2382375/-
IEM Dallas 2025,Main/Playoffs,2025/5/19,tl,FaZe,13,10,https://www.hltv.org/matches/2382380/-
IEM Dallas 2025,Main/Playoffs,2025/5/20,Aurora,nrg,13,4,https://www.hltv.org/matches/2382686/-
IEM Dallas 2025,Main/Playoffs,2025/5/20,MOUZ,tl,13,8,https://www.hltv.org/matches/2382683/-
IEM Dallas 2025,Main/Playoffs,2025/5/20,legacy,3DMAX,12,12,https://www.hltv.org/matches/2382677/-
IEM Dallas 2025,Main/Playoffs,2025/5/20,The MongolZ,G2,13,4,https://www.hltv.org/matches/2382676/-
IEM Dallas 2025,Main/Playoffs,2025/5/21,G2,3DMAX,13,3,https://www.hltv.org/matches/2382679/-
IEM Dallas 2025,Main/Playoffs,2025/5/21,Vitality,The MongolZ,13,10,https://www.hltv.org/matches/2382681/-
IEM Dallas 2025,Main/Playoffs,2025/5/21,tl,Aurora,7,13,https://www.hltv.org/matches/2382688/-
IEM Dallas 2025,Main/Playoffs,2025/5/23,Falcons,gl,13,8,https://www.hltv.org/matches/2382692/-
IEM Dallas 2025,Main/Playoffs,2025/5/24,MOUZ,The MongolZ,13,11,https://www.hltv.org/matches/2382693/-
IEM Dallas 2025,Main/Playoffs,2025/5/24,Vitality,Falcons,13,11,https://www.hltv.org/matches/2382694/-
IEM Dallas 2025,Main/Playoffs,2025/5/25,Vitality,MOUZ,13,8,https://www.hltv.org/matches/2382695/-
BLAST Austin Major 2025,Stage 3,2025/6/12,Vitality,legacy,3,13,https://www.hltv.org/matches/2382432/-
BLAST Austin Major 2025,Stage 3,2025/6/12,The MongolZ,FURIA,11,13,https://www.hltv.org/matches/2382436/-
BLAST Austin Major 2025,Stage 3,2025/6/12,Natus Vincere,3DMAX,12,12,https://www.hltv.org/matches/2382591/-
BLAST Austin Major 2025,Stage 3,2025/6/13,Aurora,G2,4,13,https://www.hltv.org/matches/2382598/-
BLAST Austin Major 2025,Stage 3,2025/6/14,Natus Vincere,G2,12,12,https://www.hltv.org/matches/2382609/-
BLAST Austin Major 2025,Stage 3,2025/6/14,legacy,lvg,13,3,https://www.hltv.org/matches/2382604/-
BLAST Austin Major 2025,Stage 3,2025/6/14,3DMAX,paiN,9,13,https://www.hltv.org/matches/2382605/-
BLAST Austin Major 2025,Stage 3,2025/6/14,Aurora,MOUZ,13,11,https://www.hltv.org/matches/2382607/-
BLAST Austin Major 2025,Stage 3,2025/6/15,legacy,MOUZ,11,13,https://www.hltv.org/matches/2382610/-
BLAST Austin Major 2025,Stage 3,2025/6/15,Virtus.pro,paiN,13,6,https://www.hltv.org/matches/2382612/-
BLAST Austin Major 2025,Playoffs,2025/6/19,paiN,FURIA,12,12,https://www.hltv.org/matches/2382613/-
BLAST Austin Major 2025,Playoffs,2025/6/21,MOUZ,Vitality,13,4,https://www.hltv.org/matches/2382618/-
BLAST Austin Major 2025,Playoffs,2025/6/22,Vitality,The MongolZ,13,6,https://www.hltv.org/matches/2382619/-
BLAST Austin Major 2025,Stage 2,2025/6/7,Virtus.pro,og,13,2,https://www.hltv.org/matches/2382429/-
BLAST Austin Major 2025,Stage 2,2025/6/7,Virtus.pro,b8,13,3,https://www.hltv.org/matches/2382441/-
BLAST Austin Major 2025,Stage 2,2025/6/7,3DMAX,legacy,7,13,https://www.hltv.org/matches/2382443/-
BLAST Austin Major 2025,Stage 2,2025/6/9,FaZe,3DMAX,9,13,https://www.hltv.org/matches/2382583/-
BLAST Austin Major 2025,Stage 2,2025/6/9,Falcons,mibr,12,12,https://www.hltv.org/matches/2382582/-
IEM Cologne 2025,Main/Playoffs,2025/7/23,Astralis,b8,12,12,https://www.hltv.org/matches/2383755/-
IEM Cologne 2025,Main/Playoffs,2025/7/23,FaZe,BIG,13,7,https://www.hltv.org/matches/2383749/-
IEM Cologne 2025,Main/Playoffs,2025/7/23,gl,Complexity,13,3,https://www.hltv.org/matches/2383753/-
IEM Cologne 2025,Main/Playoffs,2025/7/23,tyloo,Virtus.pro,7,13,https://www.hltv.org/matches/2383754/-
IEM Cologne 2025,Main/Playoffs,2025/7/24,Complexity,tyloo,6,13,https://www.hltv.org/matches/2383781/-
IEM Cologne 2025,Main/Playoffs,2025/7/24,FaZe,Team Liquid,10,13,https://www.hltv.org/matches/2383775/-
IEM Cologne 2025,Main/Playoffs,2025/7/25,BIG,paiN,11,13,https://www.hltv.org/matches/2383779/-
IEM Cologne 2025,Main/Playoffs,2025/7/25,3DMAX,tyloo,12,12,https://www.hltv.org/matches/2383785/-
IEM Cologne 2025,Main/Playoffs,2025/7/25,Astralis,paiN,13,11,https://www.hltv.org/matches/2383783/-
IEM Cologne 2025,Main/Playoffs,2025/7/27,Vitality,G2,13,5,https://www.hltv.org/matches/2383824/-
IEM Cologne 2025,Main/Playoffs,2025/7/27,MOUZ,tl,13,7,https://www.hltv.org/matches/2383761/-
IEM Cologne 2025,Main/Playoffs,2025/7/27,gl,3DMAX,11,13,https://www.hltv.org/matches/2383827/-
IEM Cologne 2025,Main/Playoffs,2025/7/27,Astralis,FURIA,3,13,https://www.hltv.org/matches/2383826/-
IEM Cologne 2025,Main/Playoffs,2025/7/28,G2,3DMAX,13,6,https://www.hltv.org/matches/2383829/-
IEM Cologne 2025,Main/Playoffs,2025/7/29,FaZe,Natus Vincere,10,13,https://www.hltv.org/matches/2383839/-
IEM Cologne 2025,Main/Playoffs,2025/7/29,Natus Vincere,Ninjas in Pyjamas,13,3,https://www.hltv.org/matches/2383837/-
IEM Cologne 2025,Main/Playoffs,2025/7/29,Vitality,The MongolZ,13,8,https://www.hltv.org/matches/2383830/-
IEM Cologne 2025,Main/Playoffs,2025/8/1,The MongolZ,Natus Vincere,12,12,https://www.hltv.org/matches/2383841/-
IEM Cologne 2025,Main/Playoffs,2025/8/1,MOUZ,FURIA,13,11,https://www.hltv.org/matches/2383840/-
